-- ACTORS
INSERT INTO "MOVIERENTAL"."ACTORS" (ID_ACTOR, FIRSTNAME, LASTNAME) VALUES ('1', 'Tom', 'Cruise');
INSERT INTO "MOVIERENTAL"."ACTORS" (ID_ACTOR, FIRSTNAME, LASTNAME) VALUES ('2', 'Brad', 'Pitt');
INSERT INTO "MOVIERENTAL"."ACTORS" (ID_ACTOR, FIRSTNAME, LASTNAME) VALUES ('3', 'Cameron', 'Diaz');
INSERT INTO "MOVIERENTAL"."ACTORS" (ID_ACTOR, FIRSTNAME, LASTNAME) VALUES ('4', 'Daniel', 'Radcliffe');
INSERT INTO "MOVIERENTAL"."ACTORS" (ID_ACTOR, FIRSTNAME, LASTNAME) VALUES ('5', 'Rupert', 'Grint');
INSERT INTO "MOVIERENTAL"."ACTORS" (ID_ACTOR, FIRSTNAME, LASTNAME) VALUES ('6', 'Emma', 'Watson');
INSERT INTO "MOVIERENTAL"."ACTORS" (ID_ACTOR, FIRSTNAME, LASTNAME) VALUES ('7', 'Kristin', 'Thomas');
INSERT INTO "MOVIERENTAL"."ACTORS" (ID_ACTOR, FIRSTNAME, LASTNAME) VALUES ('8', 'Niels', 'Arestrup');
INSERT INTO "MOVIERENTAL"."ACTORS" (ID_ACTOR, FIRSTNAME, LASTNAME) VALUES ('9', 'Jeff', 'Bridges');
INSERT INTO "MOVIERENTAL"."ACTORS" (ID_ACTOR, FIRSTNAME, LASTNAME) VALUES ('10', 'Garrett', 'Hedlund');
INSERT INTO "MOVIERENTAL"."ACTORS" (ID_ACTOR, FIRSTNAME, LASTNAME) VALUES ('11', 'Olivia', 'Wilde');
INSERT INTO "MOVIERENTAL"."ACTORS" (ID_ACTOR, FIRSTNAME, LASTNAME) VALUES ('12', 'Shia', 'LaBeouf');

-- DATA_MEDIUM
INSERT INTO "MOVIERENTAL"."DATA_MEDIUM" (ID_DATA_MEDIUM, NAME_DATA_MEDIUM) VALUES ('1', 'None');
INSERT INTO "MOVIERENTAL"."DATA_MEDIUM" (ID_DATA_MEDIUM, NAME_DATA_MEDIUM) VALUES ('2', 'DVD');
INSERT INTO "MOVIERENTAL"."DATA_MEDIUM" (ID_DATA_MEDIUM, NAME_DATA_MEDIUM) VALUES ('3', 'Blu-ray');

-- DISCOUNTS
INSERT INTO "MOVIERENTAL"."DISCOUNTS" (ID_DISCOUNT, NAME_DISCOUNT, VALUE_DISCOUNT) VALUES ('1', 'None', '0');
INSERT INTO "MOVIERENTAL"."DISCOUNTS" (ID_DISCOUNT, NAME_DISCOUNT, VALUE_DISCOUNT) VALUES ('2', 'GreatOffer', '10');
INSERT INTO "MOVIERENTAL"."DISCOUNTS" (ID_DISCOUNT, NAME_DISCOUNT, VALUE_DISCOUNT) VALUES ('3', 'Shop', '0.50');

-- GENRES
INSERT INTO "MOVIERENTAL"."GENRES" (ID_GENRE, NAME_GENRE) VALUES ('1', 'Action');
INSERT INTO "MOVIERENTAL"."GENRES" (ID_GENRE, NAME_GENRE) VALUES ('2', 'Sci-fi');
INSERT INTO "MOVIERENTAL"."GENRES" (ID_GENRE, NAME_GENRE) VALUES ('3', 'Comedy');
INSERT INTO "MOVIERENTAL"."GENRES" (ID_GENRE, NAME_GENRE) VALUES ('4', 'Drama');

-- MOVIES
INSERT INTO "MOVIERENTAL"."MOVIES" (ID_MOVIE, TITLE, YEAR, THREE_DIMENSIONAL, CINEMA, ID_GENRE, ID_DATA_MEDIUM) VALUES ('1', 'Harry Potter and the Order of the Phoenix', '2007', '0', '0', '4', '2');
INSERT INTO "MOVIERENTAL"."MOVIES" (ID_MOVIE, TITLE, YEAR, THREE_DIMENSIONAL, CINEMA, ID_GENRE, ID_DATA_MEDIUM) VALUES ('2', 'Elle s''appelait Sarah', '2010', '0', '0', '4', '2');
INSERT INTO "MOVIERENTAL"."MOVIES" (ID_MOVIE, TITLE, YEAR, THREE_DIMENSIONAL, CINEMA, ID_GENRE, ID_DATA_MEDIUM) VALUES ('3', 'Legacy', '2010', '1', '0', '2', '3');
INSERT INTO "MOVIERENTAL"."MOVIES" (ID_MOVIE, TITLE, YEAR, THREE_DIMENSIONAL, CINEMA, ID_GENRE, ID_DATA_MEDIUM) VALUES ('4', 'Transformers: Dark of the Moon', '2011', '0', '1', '1', '1');

-- ROLES
INSERT INTO "MOVIERENTAL"."ROLES" (ID_ROLE, NAME_ROLE) VALUES ('1', 'ADMIN');
INSERT INTO "MOVIERENTAL"."ROLES" (ID_ROLE, NAME_ROLE) VALUES ('2', 'USER');
INSERT INTO "MOVIERENTAL"."ROLES" (ID_ROLE, NAME_ROLE) VALUES ('3', 'SYSTEM');

-- USERS
INSERT INTO "MOVIERENTAL"."USERS" (ID_USER, USERNAME, PASSWORD, FIRSTNAME, LASTNAME, CITY, STREET_ADDRESS, EMAIL, TELEPHONE, CREDIT, REGISTER_DATE_TIME, ID_ROLE) VALUES ('1', 'admin', 'pass', 'James', 'Cook', 'London', 'Oxford Street', 'MOVIERENTAL@MOVIERENTAL.net', '421910789456', '0', TO_DATE('27-JUN-11', 'DD-MON-RR'), '1');
INSERT INTO "MOVIERENTAL"."USERS" (ID_USER, USERNAME, PASSWORD, FIRSTNAME, LASTNAME, CITY, STREET_ADDRESS, EMAIL, TELEPHONE, CREDIT, REGISTER_DATE_TIME, ID_ROLE) VALUES ('2', 'xjcook', 'pass', 'James', 'Cook', 'London', 'Oxford Street', 'MOVIERENTAL@MOVIERENTAL.net', '421911754456', '5.68', TO_DATE('27-JUN-11', 'DD-MON-RR'), '2');

-- ORDERS
INSERT INTO "MOVIERENTAL"."ORDERS" (ID_ORDER, ORDER_DATE_TIME, ID_DISCOUNT, ID_USER) VALUES ('1', TO_DATE('27-JUN-11', 'DD-MON-RR'), '2', '2');
INSERT INTO "MOVIERENTAL"."ORDERS" (ID_ORDER, ORDER_DATE_TIME, ID_DISCOUNT, ID_USER) VALUES ('2', TO_DATE('25-JUN-11', 'DD-MON-RR'), '1', '1');
INSERT INTO "MOVIERENTAL"."ORDERS" (ID_ORDER, ORDER_DATE_TIME, ID_DISCOUNT, ID_USER) VALUES ('3', TO_DATE('28-JUN-11', 'DD-MON-RR'), '2', '1');
INSERT INTO "MOVIERENTAL"."ORDERS" (ID_ORDER, ORDER_DATE_TIME, ID_DISCOUNT, ID_USER) VALUES ('4', TO_DATE('28-JUN-11', 'DD-MON-RR'), '3', '2');

-- RESERVATIONS
INSERT INTO "MOVIERENTAL"."RESERVATIONS" (ID_RESERVATION, RES_START_DATE_TIME, RES_END_DATE_TIME, ID_USER) VALUES ('1', TO_DATE('22-JUN-11', 'DD-MON-RR'), TO_DATE('27-JUN-11', 'DD-MON-RR'), '2');
INSERT INTO "MOVIERENTAL"."RESERVATIONS" (ID_RESERVATION, RES_START_DATE_TIME, RES_END_DATE_TIME, ID_USER) VALUES ('2', TO_DATE('26-JUN-11', 'DD-MON-RR'), TO_DATE('01-JUL-11', 'DD-MON-RR'), '1');

-- ACTORS_TO_MOVIES
INSERT INTO "MOVIERENTAL"."ACTORS_TO_MOVIES" (ACTORS_ID_ACTOR, MOVIES_ID_MOVIE) VALUES ('4', '1');
INSERT INTO "MOVIERENTAL"."ACTORS_TO_MOVIES" (ACTORS_ID_ACTOR, MOVIES_ID_MOVIE) VALUES ('5', '1');
INSERT INTO "MOVIERENTAL"."ACTORS_TO_MOVIES" (ACTORS_ID_ACTOR, MOVIES_ID_MOVIE) VALUES ('6', '1');
INSERT INTO "MOVIERENTAL"."ACTORS_TO_MOVIES" (ACTORS_ID_ACTOR, MOVIES_ID_MOVIE) VALUES ('7', '2');
INSERT INTO "MOVIERENTAL"."ACTORS_TO_MOVIES" (ACTORS_ID_ACTOR, MOVIES_ID_MOVIE) VALUES ('8', '2');
INSERT INTO "MOVIERENTAL"."ACTORS_TO_MOVIES" (ACTORS_ID_ACTOR, MOVIES_ID_MOVIE) VALUES ('9', '3');
INSERT INTO "MOVIERENTAL"."ACTORS_TO_MOVIES" (ACTORS_ID_ACTOR, MOVIES_ID_MOVIE) VALUES ('10', '3');
INSERT INTO "MOVIERENTAL"."ACTORS_TO_MOVIES" (ACTORS_ID_ACTOR, MOVIES_ID_MOVIE) VALUES ('11', '3');
INSERT INTO "MOVIERENTAL"."ACTORS_TO_MOVIES" (ACTORS_ID_ACTOR, MOVIES_ID_MOVIE) VALUES ('12', '4');

-- ORDERS_TO_MOVIES
INSERT INTO "MOVIERENTAL"."ORDERS_TO_MOVIES" (ORDERS_ID_ORDER, MOVIES_ID_MOVIE) VALUES ('1', '3');
INSERT INTO "MOVIERENTAL"."ORDERS_TO_MOVIES" (ORDERS_ID_ORDER, MOVIES_ID_MOVIE) VALUES ('2', '1');
INSERT INTO "MOVIERENTAL"."ORDERS_TO_MOVIES" (ORDERS_ID_ORDER, MOVIES_ID_MOVIE) VALUES ('2', '3');

-- RESERVATIONS_TO_MOVIES
INSERT INTO "MOVIERENTAL"."RESERVATIONS_TO_MOVIES" (RESERVATIONS_ID_RESERVATION, MOVIES_ID_MOVIE) VALUES ('1', '1');
INSERT INTO "MOVIERENTAL"."RESERVATIONS_TO_MOVIES" (RESERVATIONS_ID_RESERVATION, MOVIES_ID_MOVIE) VALUES ('1', '2');
INSERT INTO "MOVIERENTAL"."RESERVATIONS_TO_MOVIES" (RESERVATIONS_ID_RESERVATION, MOVIES_ID_MOVIE) VALUES ('2', '3');

COMMIT;
/